Pass,Hash
27936,482
23952,483
22866,484
24684,485
29412,486
37056,487
47622,488
7085,489
23513,490
42881,491
11164,492
36430,493
10623,494
41811,495
21938,496
5041,497
45157,498
34230,499
26297,500
21364,501
19437,502
20522,503
24625,504
31752,505
41909,506
1071,507
17306,508
36589,509
4895,510
30292,511
4724,512
36259,513
16841,514
507,515
41294,516
31146,517
24100,518
20162,519
19338,520
21634,521
27056,522
35610,523
47302,524
8107,525
26093,526
47235,527
17508,528
44980,529
21595,530
1390,531
38402,532
24575,533
13946,534
6521,535
2306,536
1307,537
3530,538
8981,539
17666,540
29591,541
44762,542
9154,543
30835,544
1749,545
29964,546
7424,547
42197,548
26227,549
13551,550
4175,551
52136,552
49378,553
49938,554
53822,555
7005,556
17555,557
31447,558
48687,559
15250,560
39204,561
12493,562
43185,563
23224,564
6647,565
47491,566
37700,567
31311,568
28330,569
28763,570
32616,571
39895,572
50606,573
10724,574
28317,575
49360,576
19828,577
47789,578
25187,579
6059,580
44442,581
32280,582
23610,583
18438,584
16770,585
18612,586
23970,587
32850,588
45258,589
7169,590
26651,591
49679,592
22228,593
52366,594
32037,595
15278,596
2095,597
46525,598
40512,599
38093,600
39274,601
44061,602
52460,603
10446,604
26087,605
45358,606
14234,607
40783,608
16949,609
50800,610
34280,611
21426,612
12244,613
6740,614
4920,615
6790,616
12356,617
21624,618
34600,619
51290,620
17669,621
41805,622
15642,623
47248,624
28567,625
13636,626
2461,627
49079,628
45434,629
45563,630
49472,631
3136,632
14623,633
29908,634
48997,635
17865,636
44580,637
21086,638
1420,639
39619,640
27627,641
19481,642
15187,643
14751,644
18179,645
25477,646
36651,647
51707,648
16620,649
39458,650
12165,651
42809,652
23334,653
7777,654
50175,655
42472,656
38705,657
38880,658
43003,659
51080,660
9086,661
25089,662
45064,663
14986,664
42923,665
20819,666
2711,667
42636,668
32538,669
26454,670
24390,671
26352,672
32346,673
42378,674
2423,675
20549,676
42731,677
14944,678
45256,679
25611,680
10046,681
52598,682
45211,683
41922,684
42737,685
47662,686
2672,687
15835,688
33126,689
520,690
26085,691
1765,692
35628,693
19618,694
7772,695
96,696
50627,697
51309,698
2148,699
11212,700
24476,701
41946,702
9597,703
35497,704
11590,705
45944,706
30503,707
19304,708
12353,709
9656,710
11219,711
17048,712
27149,713
41528,714
6160,715
29113,716
2331,717
33882,718
15710,719
1852,720
46345,721
41133,722
40253,723
43711,724
51513,725
9634,726
26142,727
47012,728
18219,729
47831,730
27792,731
12139,732
878,733
48046,734
45587,735
47538,736
53905,737
10663,738
25880,739
45531,740
15591,741
44128,742
23086,743
6502,744
48413,745
40763,746
37589,747
38897,748
44693,749
952,750
15742,751
35038,752
4815,753
33141,754
11960,755
49340,756
37225,757
29652,758
26627,759
28156,760
34245,761
44900,762
6096,763
25901,764
50290,765
25238,766
4782,767
42959,768
31713,769
25081,770
23069,771
25683,772
32929,773
44813,774
7310,775
28488,776
291,777
30787,778
11920,779
51758,780
42245,781
37418,782
37283,783
41846,784
51113,785
11059,786
29752,787
53167,788
27279,789
6125,790
43742,791
32074,792
25158,793
23000,794
25606,795
32982,796
45134,797
8037,798
29759,799
2244,800
33560,801
15651,802
2554,803
48306,804
44851,805
46226,806
52437,807
9459,808
25360,809
46115,810
17699,811
48180,812
29502,813
15702,814
6786,815
2760,816
3630,817
9402,818
20082,819
35676,820
2159,821
27599,822
3940,823
39250,824
25473,825
16646,826
12775,827
13866,828
19925,829
30958,830
46971,831
13939,832
39930,833
16888,834
52881,835
39853,836
31841,837
28851,838
30889,839
37961,840
50073,841
13200,842
35410,843
8647,844
40979,845
24350,846
12797,847
6326,848
4943,849
8654,850
17465,851
31382,852
50411,853
20527,854
49798,855
30168,856
15674,857
6322,858
2118,859
3068,860
9178,861
20454,862
36902,863
4497,864
31307,865
9276,866
46472,867
34839,868
28414,869
27203,870
31212,871
40447,872
883,873
20588,874
45537,875
21705,876
3129,877
43846,878
35800,879
33028,880
35536,881
43330,882
2385,883
20769,884
44457,885
19424,886
53738,887
39343,888
30276,889
26543,890
28150,891
35103,892
47408,893
11040,894
34067,895
8433,896
42206,897
27330,898
17842,899
13748,900
15054,901
21766,902
33890,903
51432,904
20367,905
48763,906
28564,907
13807,908
4498,909
643,910
2248,911
9319,912
21862,913
39883,914
9357,915
38352,916
18812,917
4774,918
50275,919
47259,920
49763,921
3762,922
17324,923
36424,924
7037,925
37231,926
18950,927
6231,928
53111,929
51534,930
1506,931
11095,932
26276,933
47055,934
19407,935
51400,936
34978,937
24178,938
19006,939
19468,940
25570,941
37318,942
687,943
23745,944
52467,945
32828,946
18865,947
10584,948
7991,949
11092,950
19893,951
34400,952
588,953
26525,954
4155,955
41546,956
30642,957
25480,958
26066,959
32406,960
44506,961
8341,962
31979,963
7364,964
42564,965
29523,966
22278,967
20835,968
25200,969
35379,970
51378,971
19172,972
46829,973
26293,974
11601,975
2759,976
53804,977
2649,978
11393,979
26011,980
46509,981
18862,982
51138,983
35281,984
25328,985
21285,986
23158,987
30953,988
44676,989
10302,990
35899,991
13411,992
50906,993
40328,994
35714,995
37070,996
44402,997
3685,998
22987,999
48283,1000
25548,1001
8819,1002
52133,1003
47434,1004
48759,1005
2083,1006
15474,1007
34907,1008
6357,1009
37892,1010
21456,1011
11086,1012
6788,1013
8568,1014
16432,1015
30386,1016
50436,1017
22557,1018
786,1019
39160,1020
29623,1021
26212,1022
28933,1023
37792,1024
52795,1025
19917,1026
47226,1027
26666,1028
